{"ttest": 0.0003174146608091788, "Rp": 0.05250046438364624, "ln_alpha": -3.4113343502375653, "bayes": 1.7241379310344827, "alpha": 0.03299714124400972, "drugid": 32}