{"ttest": 1.3398961833179122e-05, "Rp": 0.047301686323254016, "ln_alpha": -3.234646116847508, "bayes": 1.3888888888888888, "alpha": 0.03937413631840773, "drugid": 9}