{"ttest": 9.078412966320787e-06, "Rp": 7.122426357237443e-17, "ln_alpha": -4.092130620726465, "bayes": 1.7857142857142856, "alpha": 0.016703606567895487, "drugid": 1}