{"ttest": 0.0003476482214670531, "Rp": 2.2447543739446065e-16, "ln_alpha": -2.836055754567713, "bayes": 2.5, "alpha": 0.058656566194854855, "drugid": 3}