{"ttest": 0.31530527418056464, "Rp": 1.1942685269921575e-16, "ln_alpha": -3.184874054524123, "bayes": 1.6129032258064517, "alpha": 0.04138345753201882, "drugid": 30}