{"ttest": 2.4749108644734694e-56, "Rp": 0.4712541994914588, "ln_alpha": -4.765817313996452, "bayes": 50.0, "alpha": 0.008515925212428508, "drugid": 29}