{"ttest": 0.6537455401134016, "Rp": 0, "ln_alpha": -3.996185486741383, "bayes": 1.4705882352941178, "alpha": 0.0183856375566624, "drugid": 6}