{"ttest": 7.230917013113123e-06, "Rp": -3.7343713818585883e-16, "ln_alpha": -3.7490200022024323, "bayes": 1.3513513513513513, "alpha": 0.023540804492012554, "drugid": 17}