{"ttest": 0.021295117164359344, "Rp": 0, "ln_alpha": -2.7194882511295533, "bayes": 1.4705882352941178, "alpha": 0.06590847438491106, "drugid": 11}