{"ttest": 0.015809826285695376, "Rp": 0.1635220046083982, "ln_alpha": -4.099114336652901, "bayes": 2.5, "alpha": 0.016587359714646942, "drugid": 5}